student_id,name,email,date_of_birth
S001,David Smith,david.smith@example.com,1998-04-17
S002,David Brown,david.brown@school.edu,2008-03-17
S003,Jane Wilson,jane.wilson@example.com,1997-05-10
S004,Emily Anderson,emily.anderson@example.com,1998-06-09
S005,Linda Brown,linda.brown@example.com,1995-02-04
S006,John Wilson,john.wilson@example.com,2010-08-26
S007,Michael Doe,michael.doe@school.edu,2009-06-16
S008,Emily Martinez,emily.martinez@university.net,2005-07-05
S009,Jane Garcia,jane.garcia@example.com,2001-12-22
S010,Linda Taylor,linda.taylor@students.org,2010-02-11
S011,Jane Anderson,jane.anderson@students.org,2000-06-22
S012,James Carter,james.carter@example.com,2006-08-24
S013,John Smith,john.smith@example.com,2003-11-12
S014,John Martinez,john.martinez@students.org,1996-02-11
S015,James Smith,james.smith@example.com,1995-09-02
S016,Emily Johnson,emily.johnson@students.org,2008-04-18
S017,James Smith,james.smith@university.net,1999-09-09
S018,Barbara Carter,barbara.carter@college.ac,2010-12-06
S019,Robert Doe,robert.doe@example.com,2008-10-06
S020,Jane Taylor,jane.taylor@college.ac,2004-06-03
S021,Robert Anderson,robert.anderson@students.org,2009-05-07
S022,Patricia Anderson,patricia.anderson@example.com,1996-03-06
S023,Patricia Brown,patricia.brown@college.ac,2001-04-19
S024,Barbara Garcia,barbara.garcia@college.ac,2000-06-09
S025,Robert Taylor,robert.taylor@example.com,2010-07-03
S026,Michael Wilson,michael.wilson@university.net,1998-05-23
S027,Barbara Garcia,barbara.garcia@university.net,1998-03-21
S028,Michael Smith,michael.smith@example.com,2000-02-17
S029,David Doe,david.doe@students.org,1997-07-25
S030,Robert Taylor,robert.taylor@students.org,2004-02-12
S031,Emily Carter,emily.carter@university.net,2006-02-05
S032,Emily Smith,emily.smith@students.org,1998-01-29
S033,John Doe,john.doe@university.net,2002-10-02
S034,Michael Doe,michael.doe@college.ac,2002-07-12
S035,Patricia Smith,patricia.smith@students.org,2008-12-22
S036,David Johnson,david.johnson@example.com,2001-12-02
S037,James Smith,james.smith@students.org,1999-05-18
S038,Jane Martinez,jane.martinez@college.ac,2002-04-29
S039,Barbara Carter,barbara.carter@students.org,2005-10-11
S040,David Carter,david.carter@school.edu,2009-05-23
S041,Emily Johnson,emily.johnson@college.ac,2006-12-25
S042,John Anderson,john.anderson@school.edu,2000-03-24
S043,John Garcia,john.garcia@university.net,2004-04-24
S045,David Anderson,david.anderson@school.edu,2002-03-30
S046,Barbara Johnson,barbara.johnson@school.edu,2006-04-23
S047,James Garcia,james.garcia@school.edu,2009-05-11
S048,David Brown,david.brown@example.com,1997-10-29
S049,John Wilson,john.wilson@school.edu,2009-10-06
S050,Michael Smith,michael.smith@school.edu,2002-12-20
S052,David Garcia,david.garcia@example.com,2000-11-25
S055,Robert Taylor,robert.taylor@school.edu,1998-12-06
S056,Emily Brown,emily.brown@students.org,2008-05-09
S058,Linda Wilson,linda.wilson@college.ac,2008-12-28
S059,Michael Carter,michael.carter@students.org,2008-04-20
S060,Linda Wilson,linda.wilson@school.edu,1996-01-27
S062,Robert Doe,robert.doe@school.edu,2006-02-10
S063,James Taylor,james.taylor@students.org,2010-03-12
S065,David Taylor,david.taylor@example.com,2000-04-19
S066,Robert Carter,robert.carter@students.org,2003-01-03
S067,Barbara Carter,barbara.carter@example.com,2006-12-07
S068,Patricia Doe,patricia.doe@school.edu,1996-05-19
S069,David Wilson,david.wilson@college.ac,2007-04-30
S071,John Taylor,john.taylor@students.org,1998-03-18
S072,John Martinez,john.martinez@example.com,2002-08-05
S073,Emily Anderson,emily.anderson@university.net,2004-06-03
S074,Linda Garcia,linda.garcia@university.net,2007-06-06
S075,Michael Garcia,michael.garcia@example.com,2006-03-31
S076,Michael Taylor,michael.taylor@college.ac,2006-01-16
S077,David Smith,david.smith@university.net,2003-11-15
S078,Barbara Garcia,barbara.garcia@students.org,2009-02-25
S079,Barbara Garcia,barbara.garcia@example.com,2009-04-17
S080,Barbara Doe,barbara.doe@school.edu,2007-07-07
S082,Barbara Brown,barbara.brown@school.edu,2004-01-30
S083,David Johnson,david.johnson@school.edu,1999-11-18
S084,David Martinez,david.martinez@students.org,2003-09-01
S085,David Johnson,david.johnson@college.ac,2003-08-02
S086,Patricia Garcia,patricia.garcia@example.com,1999-09-15
S089,David Carter,david.carter@college.ac,2000-07-25
S090,David Wilson,david.wilson@university.net,2006-10-19
S091,Michael Martinez,michael.martinez@school.edu,2005-03-15
S092,Barbara Taylor,barbara.taylor@university.net,2010-04-21
S093,John Smith,john.smith@school.edu,2005-06-13
S094,John Brown,john.brown@university.net,1998-02-01
S096,Robert Johnson,robert.johnson@example.com,2004-01-01
S097,Linda Taylor,linda.taylor@college.ac,2007-10-30
S100,James Brown,james.brown@university.net,2004-02-22
S101,Jane Doe,jane.doe@university.net,2010-09-21
S102,Patricia Carter,patricia.carter@university.net,2003-05-05
S103,Emily Brown,emily.brown@example.com,2003-06-01
S104,James Wilson,james.wilson@college.ac,2004-10-13
S105,Linda Garcia,linda.garcia@college.ac,1995-10-16
S106,James Carter,james.carter@school.edu,1998-01-24
S107,James Smith,james.smith@college.ac,2001-11-29
S108,John Taylor,john.taylor@example.com,1997-08-13
S109,Barbara Taylor,barbara.taylor@example.com,2000-01-30
S110,Robert Carter,robert.carter@university.net,1997-10-11
S114,Patricia Martinez,patricia.martinez@university.net,1997-01-17
S115,John Brown,john.brown@college.ac,2008-01-21
S118,Robert Johnson,robert.johnson@university.net,2008-01-17
S119,John Carter,john.carter@example.com,1998-04-26
S120,John Martinez,john.martinez@college.ac,2000-03-25
S121,Jane Carter,jane.carter@school.edu,2003-02-05
S122,Linda Wilson,linda.wilson@students.org,2003-08-14
S123,John Brown,john.brown@example.com,2006-07-21
S124,Linda Anderson,linda.anderson@students.org,2009-08-09
S126,Patricia Carter,patricia.carter@college.ac,2009-10-10
S128,James Martinez,james.martinez@college.ac,2003-12-17
S129,John Carter,john.carter@students.org,2004-11-14
S130,Linda Anderson,linda.anderson@university.net,2004-07-04
S131,Patricia Wilson,patricia.wilson@students.org,2003-03-18
S132,John Taylor,john.taylor@university.net,1996-04-07
S133,Patricia Doe,patricia.doe@university.net,1996-02-28
S134,David Taylor,david.taylor@university.net,2005-05-10
S135,Emily Garcia,emily.garcia@example.com,1995-10-26
S136,Michael Taylor,michael.taylor@school.edu,2006-12-31
S137,Michael Martinez,michael.martinez@example.com,2001-07-20
S138,John Doe,john.doe@students.org,2002-10-08
S139,Linda Wilson,linda.wilson@university.net,2008-03-05
S140,James Doe,james.doe@example.com,2003-03-27
S141,John Anderson,john.anderson@college.ac,2006-06-23
S142,James Smith,james.smith@school.edu,2008-08-25
S143,Emily Doe,emily.doe@school.edu,2001-03-25
S144,Robert Smith,robert.smith@university.net,2006-07-24
S145,Robert Martinez,robert.martinez@university.net,1999-07-04
S147,Linda Carter,linda.carter@college.ac,1995-12-24
S148,Robert Martinez,robert.martinez@students.org,2003-05-27
S149,John Doe,john.doe@college.ac,2001-02-09
S150,Jane Anderson,jane.anderson@example.com,1996-03-12
S152,Michael Carter,michael.carter@university.net,1999-01-13
S153,Linda Martinez,linda.martinez@example.com,1997-01-29
S154,Jane Taylor,jane.taylor@example.com,2000-02-28
S157,Robert Garcia,robert.garcia@students.org,1996-06-21
S158,Michael Garcia,michael.garcia@school.edu,2003-11-08
S159,David Anderson,david.anderson@example.com,2003-07-18
S160,David Taylor,david.taylor@school.edu,2007-07-18
S162,Patricia Martinez,patricia.martinez@school.edu,2010-11-22
S163,David Johnson,david.johnson@students.org,2007-09-03
S167,Patricia Brown,patricia.brown@students.org,2008-06-25
S168,Jane Garcia,jane.garcia@school.edu,2010-09-21
S169,Emily Smith,emily.smith@college.ac,1999-03-11
S170,Patricia Johnson,patricia.johnson@university.net,2006-06-14
S171,Emily Doe,emily.doe@college.ac,2010-01-10
S172,Linda Doe,linda.doe@university.net,2004-03-11
S174,Patricia Taylor,patricia.taylor@university.net,2010-07-21
S175,Michael Brown,michael.brown@school.edu,1997-11-14
S176,Michael Martinez,michael.martinez@students.org,2006-10-12
S178,John Johnson,john.johnson@students.org,1995-10-06
S179,John Garcia,john.garcia@students.org,2007-07-24
S182,James Doe,james.doe@students.org,2004-04-16
S185,Jane Anderson,jane.anderson@university.net,2006-02-22
S186,Barbara Brown,barbara.brown@example.com,1997-02-23
S189,John Johnson,john.johnson@example.com,2006-09-22
S190,Michael Carter,michael.carter@example.com,2007-08-03
S191,James Johnson,james.johnson@school.edu,1995-08-04
S192,Michael Brown,michael.brown@college.ac,1998-06-21
S193,James Brown,james.brown@school.edu,1999-11-16
S194,David Brown,david.brown@college.ac,1998-09-30
S195,Michael Garcia,michael.garcia@college.ac,2008-07-27
S197,Jane Johnson,jane.johnson@school.edu,1998-10-09
S199,Barbara Brown,barbara.brown@college.ac,2010-02-13
S201,Patricia Anderson,patricia.anderson@school.edu,1999-01-05
S202,Linda Martinez,linda.martinez@school.edu,2009-12-04
S204,David Martinez,david.martinez@school.edu,1997-11-02
S205,Patricia Taylor,patricia.taylor@college.ac,1997-02-12
S206,Emily Taylor,emily.taylor@students.org,2004-09-05
S208,Barbara Johnson,barbara.johnson@students.org,2003-10-16
S210,Barbara Brown,barbara.brown@university.net,1997-11-15
S211,Barbara Martinez,barbara.martinez@example.com,1995-03-30
S212,Michael Doe,michael.doe@example.com,2003-08-31
S213,John Garcia,john.garcia@college.ac,1995-12-15
S215,Michael Martinez,michael.martinez@university.net,2008-07-08
S216,John Garcia,john.garcia@example.com,2006-09-09
S217,Patricia Wilson,patricia.wilson@school.edu,2000-07-24
S219,Jane Taylor,jane.taylor@university.net,2008-12-03
S220,Michael Smith,michael.smith@university.net,2009-06-01
S221,Michael Garcia,michael.garcia@students.org,2001-09-17
S222,Jane Carter,jane.carter@example.com,1995-03-28
S223,Michael Taylor,michael.taylor@university.net,2010-01-12
S226,Robert Carter,robert.carter@college.ac,1995-10-22
S227,Jane Smith,jane.smith@college.ac,2002-01-29
S228,Patricia Carter,patricia.carter@example.com,2006-05-19
S229,Michael Johnson,michael.johnson@university.net,1995-10-06
S230,Barbara Wilson,barbara.wilson@university.net,2000-02-01
S231,Patricia Anderson,patricia.anderson@students.org,2005-07-18
S232,John Doe,john.doe@school.edu,1995-01-23
S235,Linda Carter,linda.carter@university.net,2002-01-14
S237,Linda Carter,linda.carter@school.edu,1999-03-08
S238,Linda Garcia,linda.garcia@example.com,2002-05-08
S239,Jane Carter,jane.carter@students.org,2004-02-03
S240,James Carter,james.carter@university.net,2003-10-31
S242,Patricia Taylor,patricia.taylor@students.org,2002-04-19
S243,Emily Taylor,emily.taylor@example.com,2008-10-12
S244,James Anderson,james.anderson@example.com,2006-12-05
S245,Jane Anderson,jane.anderson@college.ac,2010-10-13
S246,Robert Wilson,robert.wilson@students.org,2002-01-07
S247,Patricia Wilson,patricia.wilson@college.ac,1997-12-27
S248,Barbara Doe,barbara.doe@example.com,2000-03-17
S250,Emily Carter,emily.carter@college.ac,2006-03-08
S251,Patricia Smith,patricia.smith@school.edu,1995-03-08
S252,Robert Anderson,robert.anderson@college.ac,2004-04-02
S253,Michael Smith,michael.smith@college.ac,2008-06-11
S255,Barbara Doe,barbara.doe@university.net,2000-07-17
S259,John Wilson,john.wilson@students.org,2002-09-29
S261,Barbara Anderson,barbara.anderson@students.org,1995-03-05
S262,Robert Garcia,robert.garcia@university.net,1996-11-23
S266,James Garcia,james.garcia@students.org,2004-03-18
S268,Emily Carter,emily.carter@students.org,2010-02-25
S270,Emily Carter,emily.carter@school.edu,2002-12-19
S274,David Doe,david.doe@school.edu,2007-08-28
S275,Jane Brown,jane.brown@school.edu,2006-06-06
S276,Robert Anderson,robert.anderson@university.net,2004-05-05
S277,Barbara Smith,barbara.smith@college.ac,1997-01-24
S279,Emily Taylor,emily.taylor@college.ac,2009-04-29
S280,Emily Anderson,emily.anderson@school.edu,1999-04-21
S281,Barbara Smith,barbara.smith@students.org,1996-10-23
S282,Barbara Johnson,barbara.johnson@college.ac,2008-05-16
S284,Robert Carter,robert.carter@example.com,2003-08-18
S286,James Anderson,james.anderson@university.net,1998-09-18
S287,Linda Taylor,linda.taylor@example.com,2007-03-07
S289,Jane Carter,jane.carter@college.ac,2003-02-08
S290,James Martinez,james.martinez@school.edu,2008-10-03
S291,David Doe,david.doe@example.com,2002-03-21
S292,James Wilson,james.wilson@students.org,2010-06-30
S293,Emily Martinez,emily.martinez@college.ac,2007-10-17
S294,Jane Smith,jane.smith@example.com,2004-09-15
S298,Barbara Anderson,barbara.anderson@college.ac,2002-09-26
S299,Michael Johnson,michael.johnson@example.com,2005-07-12
S300,Patricia Johnson,patricia.johnson@school.edu,2003-02-15
S301,John Johnson,john.johnson@university.net,2004-09-13
S302,Barbara Martinez,barbara.martinez@college.ac,2002-11-16
S304,James Brown,james.brown@example.com,1995-03-25
S305,Barbara Doe,barbara.doe@college.ac,2003-08-06
S307,Linda Doe,linda.doe@students.org,2006-10-24
S308,Jane Wilson,jane.wilson@school.edu,1995-12-08
S309,David Smith,david.smith@school.edu,2006-08-25
S310,Patricia Doe,patricia.doe@college.ac,1996-07-05
S313,David Smith,david.smith@college.ac,2006-08-09
S315,John Doe,john.doe@example.com,2004-06-24
S316,James Garcia,james.garcia@university.net,2005-02-13
S317,David Doe,david.doe@college.ac,2003-08-09
S325,David Garcia,david.garcia@college.ac,2000-06-12
S327,James Wilson,james.wilson@university.net,1995-05-31
S328,Robert Smith,robert.smith@example.com,2000-08-06
S329,Patricia Taylor,patricia.taylor@school.edu,2007-10-06
S330,Barbara Carter,barbara.carter@university.net,1998-05-12
S334,James Brown,james.brown@college.ac,1995-06-24
S335,Jane Carter,jane.carter@university.net,1998-08-21
S337,James Anderson,james.anderson@school.edu,2006-11-01
S338,Patricia Carter,patricia.carter@school.edu,2008-06-20
S340,Robert Smith,robert.smith@college.ac,2008-07-12
S341,James Martinez,james.martinez@students.org,2006-03-08
S342,Emily Doe,emily.doe@example.com,2006-12-29
S343,Jane Wilson,jane.wilson@college.ac,2008-08-31
S350,David Taylor,david.taylor@college.ac,2007-07-23
S351,David Martinez,david.martinez@university.net,2006-11-12
S352,Jane Johnson,jane.johnson@example.com,2009-05-11
S353,Linda Doe,linda.doe@school.edu,2003-05-28
S354,Barbara Carter,barbara.carter@school.edu,2005-12-10
S355,Michael Johnson,michael.johnson@college.ac,1996-04-15
S357,Linda Smith,linda.smith@example.com,2005-01-20
S358,Patricia Taylor,patricia.taylor@example.com,1999-02-17
S359,Emily Smith,emily.smith@example.com,2010-11-15
S361,John Taylor,john.taylor@school.edu,2010-01-18
S363,James Carter,james.carter@college.ac,2004-11-06
S365,Robert Taylor,robert.taylor@college.ac,2002-01-05
S368,Robert Garcia,robert.garcia@example.com,2001-02-21
S373,David Smith,david.smith@students.org,2008-03-04
S375,Jane Doe,jane.doe@students.org,2001-10-03
S377,Emily Taylor,emily.taylor@university.net,2010-12-30
S379,John Carter,john.carter@college.ac,1999-06-23
S380,Emily Brown,emily.brown@school.edu,2002-08-03
S381,Barbara Anderson,barbara.anderson@example.com,1996-03-20
S384,Patricia Johnson,patricia.johnson@college.ac,2002-12-07
S386,Michael Anderson,michael.anderson@example.com,2006-12-14
S388,Linda Johnson,linda.johnson@example.com,2000-06-03
S390,Linda Smith,linda.smith@college.ac,2008-12-17
S391,Linda Anderson,linda.anderson@school.edu,2001-11-21
S392,Jane Smith,jane.smith@students.org,2000-12-05
S393,Michael Anderson,michael.anderson@school.edu,2000-02-08
S394,Robert Wilson,robert.wilson@college.ac,2007-02-25
S396,Jane Brown,jane.brown@college.ac,1995-02-09
S397,Robert Anderson,robert.anderson@example.com,2004-09-02
S398,David Johnson,david.johnson@university.net,1995-05-28
S405,Michael Anderson,michael.anderson@students.org,1996-08-31
S407,Jane Taylor,jane.taylor@students.org,2007-07-18
S408,James Taylor,james.taylor@university.net,1998-12-04
S409,Michael Carter,michael.carter@school.edu,2008-07-21
S411,Emily Martinez,emily.martinez@students.org,2000-11-30
S413,Emily Wilson,emily.wilson@students.org,2001-01-11
S414,Patricia Anderson,patricia.anderson@university.net,1995-10-03
S415,John Garcia,john.garcia@school.edu,1996-09-18
S416,Robert Martinez,robert.martinez@school.edu,2007-10-04
S418,Robert Wilson,robert.wilson@school.edu,1995-12-09
S424,Michael Brown,michael.brown@students.org,2010-07-11
S431,David Carter,david.carter@example.com,1996-07-13
S432,Linda Garcia,linda.garcia@school.edu,2000-08-13
S433,Michael Johnson,michael.johnson@school.edu,2007-09-22
S437,Barbara Brown,barbara.brown@students.org,1998-03-20
S438,Jane Martinez,jane.martinez@university.net,1996-07-19
S440,Michael Smith,michael.smith@students.org,2001-08-27
S442,Patricia Doe,patricia.doe@example.com,2006-12-11
S445,Emily Doe,emily.doe@university.net,2009-01-21
S446,Robert Johnson,robert.johnson@students.org,2008-07-10
S449,James Taylor,james.taylor@college.ac,2006-03-08
S451,John Anderson,john.anderson@students.org,1996-06-30
S455,David Carter,david.carter@university.net,2000-11-11
S459,Emily Johnson,emily.johnson@university.net,2005-01-15
S460,Linda Brown,linda.brown@university.net,1995-01-20
S461,Robert Brown,robert.brown@university.net,2009-05-06
S463,Patricia Brown,patricia.brown@university.net,2000-02-26
S469,James Doe,james.doe@university.net,2008-07-24
S470,Barbara Taylor,barbara.taylor@college.ac,1998-12-19
S476,Robert Garcia,robert.garcia@college.ac,2005-05-04
S478,John Johnson,john.johnson@college.ac,1999-05-19
S479,James Anderson,james.anderson@college.ac,2010-12-14
S480,Linda Wilson,linda.wilson@example.com,2008-07-12
S481,Emily Garcia,emily.garcia@university.net,2002-12-26
S483,Emily Martinez,emily.martinez@example.com,1996-07-04
S491,James Brown,james.brown@students.org,2009-03-01
S493,John Brown,john.brown@students.org,2010-01-04
S495,Robert Brown,robert.brown@college.ac,1995-03-20
S496,Jane Martinez,jane.martinez@school.edu,2007-03-30
S499,Emily Wilson,emily.wilson@college.ac,2006-03-06
